Model,Sampling,Accuracy,Precision,Recall,F1,ROC_AUC
DecisionTree,RandomOverSampler,0.9913793103448276,0.6666666666666666,0.6666666666666666,0.6666666666666666,0.8311499272197962
LogisticRegression,RandomOverSampler,0.9181034482758621,0.1,0.6666666666666666,0.17391304347826086,0.7147016011644832
NaiveBayes,NoSampling,0.9698275862068966,0.0,0.0,0.0,0.5705967976710334
RandomForest,RandomUnderSampler,0.7025862068965517,0.041666666666666664,1.0,0.08,0.8609898107714702
SVM,RandomOverSampler,0.875,0.06666666666666667,0.6666666666666666,0.12121212121212122,0.7685589519650655
